,Season,Slot,Strongseed,Weakseed
0,1985,R1W1,W01,W16
1,1985,R1W2,W02,W15
2,1985,R1W3,W03,W14
3,1985,R1W4,W04,W13
4,1985,R1W5,W05,W12
5,1985,R1W6,W06,W11
6,1985,R1W7,W07,W10
7,1985,R1W8,W08,W09
8,1985,R1X1,X01,X16
9,1985,R1X2,X02,X15
10,1985,R1X3,X03,X14
11,1985,R1X4,X04,X13
12,1985,R1X5,X05,X12
13,1985,R1X6,X06,X11
14,1985,R1X7,X07,X10
15,1985,R1X8,X08,X09
16,1985,R1Y1,Y01,Y16
17,1985,R1Y2,Y02,Y15
18,1985,R1Y3,Y03,Y14
19,1985,R1Y4,Y04,Y13
20,1985,R1Y5,Y05,Y12
21,1985,R1Y6,Y06,Y11
22,1985,R1Y7,Y07,Y10
23,1985,R1Y8,Y08,Y09
24,1985,R1Z1,Z01,Z16
25,1985,R1Z2,Z02,Z15
26,1985,R1Z3,Z03,Z14
27,1985,R1Z4,Z04,Z13
28,1985,R1Z5,Z05,Z12
29,1985,R1Z6,Z06,Z11
30,1985,R1Z7,Z07,Z10
31,1985,R1Z8,Z08,Z09
32,1985,R2W1,R1W1,R1W8
33,1985,R2W2,R1W2,R1W7
34,1985,R2W3,R1W3,R1W6
35,1985,R2W4,R1W4,R1W5
36,1985,R2X1,R1X1,R1X8
37,1985,R2X2,R1X2,R1X7
38,1985,R2X3,R1X3,R1X6
39,1985,R2X4,R1X4,R1X5
40,1985,R2Y1,R1Y1,R1Y8
41,1985,R2Y2,R1Y2,R1Y7
42,1985,R2Y3,R1Y3,R1Y6
43,1985,R2Y4,R1Y4,R1Y5
44,1985,R2Z1,R1Z1,R1Z8
45,1985,R2Z2,R1Z2,R1Z7
46,1985,R2Z3,R1Z3,R1Z6
47,1985,R2Z4,R1Z4,R1Z5
48,1985,R3W1,R2W1,R2W4
49,1985,R3W2,R2W2,R2W3
50,1985,R3X1,R2X1,R2X4
51,1985,R3X2,R2X2,R2X3
52,1985,R3Y1,R2Y1,R2Y4
53,1985,R3Y2,R2Y2,R2Y3
54,1985,R3Z1,R2Z1,R2Z4
55,1985,R3Z2,R2Z2,R2Z3
56,1985,R4W1,R3W1,R3W2
57,1985,R4X1,R3X1,R3X2
58,1985,R4Y1,R3Y1,R3Y2
59,1985,R4Z1,R3Z1,R3Z2
60,1985,R5WX,R4W1,R4X1
61,1985,R5YZ,R4Y1,R4Z1
62,1985,R6CH,R5WX,R5YZ
63,1986,R1W1,W01,W16
64,1986,R1W2,W02,W15
65,1986,R1W3,W03,W14
66,1986,R1W4,W04,W13
67,1986,R1W5,W05,W12
68,1986,R1W6,W06,W11
69,1986,R1W7,W07,W10
70,1986,R1W8,W08,W09
71,1986,R1X1,X01,X16
72,1986,R1X2,X02,X15
73,1986,R1X3,X03,X14
74,1986,R1X4,X04,X13
75,1986,R1X5,X05,X12
76,1986,R1X6,X06,X11
77,1986,R1X7,X07,X10
78,1986,R1X8,X08,X09
79,1986,R1Y1,Y01,Y16
80,1986,R1Y2,Y02,Y15
81,1986,R1Y3,Y03,Y14
82,1986,R1Y4,Y04,Y13
83,1986,R1Y5,Y05,Y12
84,1986,R1Y6,Y06,Y11
85,1986,R1Y7,Y07,Y10
86,1986,R1Y8,Y08,Y09
87,1986,R1Z1,Z01,Z16
88,1986,R1Z2,Z02,Z15
89,1986,R1Z3,Z03,Z14
90,1986,R1Z4,Z04,Z13
91,1986,R1Z5,Z05,Z12
92,1986,R1Z6,Z06,Z11
93,1986,R1Z7,Z07,Z10
94,1986,R1Z8,Z08,Z09
95,1986,R2W1,R1W1,R1W8
96,1986,R2W2,R1W2,R1W7
97,1986,R2W3,R1W3,R1W6
98,1986,R2W4,R1W4,R1W5
99,1986,R2X1,R1X1,R1X8
100,1986,R2X2,R1X2,R1X7
101,1986,R2X3,R1X3,R1X6
102,1986,R2X4,R1X4,R1X5
103,1986,R2Y1,R1Y1,R1Y8
104,1986,R2Y2,R1Y2,R1Y7
105,1986,R2Y3,R1Y3,R1Y6
106,1986,R2Y4,R1Y4,R1Y5
107,1986,R2Z1,R1Z1,R1Z8
108,1986,R2Z2,R1Z2,R1Z7
109,1986,R2Z3,R1Z3,R1Z6
110,1986,R2Z4,R1Z4,R1Z5
111,1986,R3W1,R2W1,R2W4
112,1986,R3W2,R2W2,R2W3
113,1986,R3X1,R2X1,R2X4
114,1986,R3X2,R2X2,R2X3
115,1986,R3Y1,R2Y1,R2Y4
116,1986,R3Y2,R2Y2,R2Y3
117,1986,R3Z1,R2Z1,R2Z4
118,1986,R3Z2,R2Z2,R2Z3
119,1986,R4W1,R3W1,R3W2
120,1986,R4X1,R3X1,R3X2
121,1986,R4Y1,R3Y1,R3Y2
122,1986,R4Z1,R3Z1,R3Z2
123,1986,R5WX,R4W1,R4X1
124,1986,R5YZ,R4Y1,R4Z1
125,1986,R6CH,R5WX,R5YZ
126,1987,R1W1,W01,W16
127,1987,R1W2,W02,W15
128,1987,R1W3,W03,W14
129,1987,R1W4,W04,W13
130,1987,R1W5,W05,W12
131,1987,R1W6,W06,W11
132,1987,R1W7,W07,W10
133,1987,R1W8,W08,W09
134,1987,R1X1,X01,X16
135,1987,R1X2,X02,X15
136,1987,R1X3,X03,X14
137,1987,R1X4,X04,X13
138,1987,R1X5,X05,X12
139,1987,R1X6,X06,X11
140,1987,R1X7,X07,X10
141,1987,R1X8,X08,X09
142,1987,R1Y1,Y01,Y16
143,1987,R1Y2,Y02,Y15
144,1987,R1Y3,Y03,Y14
145,1987,R1Y4,Y04,Y13
146,1987,R1Y5,Y05,Y12
147,1987,R1Y6,Y06,Y11
148,1987,R1Y7,Y07,Y10
149,1987,R1Y8,Y08,Y09
150,1987,R1Z1,Z01,Z16
151,1987,R1Z2,Z02,Z15
152,1987,R1Z3,Z03,Z14
153,1987,R1Z4,Z04,Z13
154,1987,R1Z5,Z05,Z12
155,1987,R1Z6,Z06,Z11
156,1987,R1Z7,Z07,Z10
157,1987,R1Z8,Z08,Z09
158,1987,R2W1,R1W1,R1W8
159,1987,R2W2,R1W2,R1W7
160,1987,R2W3,R1W3,R1W6
161,1987,R2W4,R1W4,R1W5
162,1987,R2X1,R1X1,R1X8
163,1987,R2X2,R1X2,R1X7
164,1987,R2X3,R1X3,R1X6
165,1987,R2X4,R1X4,R1X5
166,1987,R2Y1,R1Y1,R1Y8
167,1987,R2Y2,R1Y2,R1Y7
168,1987,R2Y3,R1Y3,R1Y6
169,1987,R2Y4,R1Y4,R1Y5
170,1987,R2Z1,R1Z1,R1Z8
171,1987,R2Z2,R1Z2,R1Z7
172,1987,R2Z3,R1Z3,R1Z6
173,1987,R2Z4,R1Z4,R1Z5
174,1987,R3W1,R2W1,R2W4
175,1987,R3W2,R2W2,R2W3
176,1987,R3X1,R2X1,R2X4
177,1987,R3X2,R2X2,R2X3
178,1987,R3Y1,R2Y1,R2Y4
179,1987,R3Y2,R2Y2,R2Y3
180,1987,R3Z1,R2Z1,R2Z4
181,1987,R3Z2,R2Z2,R2Z3
182,1987,R4W1,R3W1,R3W2
183,1987,R4X1,R3X1,R3X2
184,1987,R4Y1,R3Y1,R3Y2
185,1987,R4Z1,R3Z1,R3Z2
186,1987,R5WX,R4W1,R4X1
187,1987,R5YZ,R4Y1,R4Z1
188,1987,R6CH,R5WX,R5YZ
189,1988,R1W1,W01,W16
190,1988,R1W2,W02,W15
191,1988,R1W3,W03,W14
192,1988,R1W4,W04,W13
193,1988,R1W5,W05,W12
194,1988,R1W6,W06,W11
195,1988,R1W7,W07,W10
196,1988,R1W8,W08,W09
197,1988,R1X1,X01,X16
198,1988,R1X2,X02,X15
199,1988,R1X3,X03,X14
200,1988,R1X4,X04,X13
201,1988,R1X5,X05,X12
202,1988,R1X6,X06,X11
203,1988,R1X7,X07,X10
204,1988,R1X8,X08,X09
205,1988,R1Y1,Y01,Y16
206,1988,R1Y2,Y02,Y15
207,1988,R1Y3,Y03,Y14
208,1988,R1Y4,Y04,Y13
209,1988,R1Y5,Y05,Y12
210,1988,R1Y6,Y06,Y11
211,1988,R1Y7,Y07,Y10
212,1988,R1Y8,Y08,Y09
213,1988,R1Z1,Z01,Z16
214,1988,R1Z2,Z02,Z15
215,1988,R1Z3,Z03,Z14
216,1988,R1Z4,Z04,Z13
217,1988,R1Z5,Z05,Z12
218,1988,R1Z6,Z06,Z11
219,1988,R1Z7,Z07,Z10
220,1988,R1Z8,Z08,Z09
221,1988,R2W1,R1W1,R1W8
222,1988,R2W2,R1W2,R1W7
223,1988,R2W3,R1W3,R1W6
224,1988,R2W4,R1W4,R1W5
225,1988,R2X1,R1X1,R1X8
226,1988,R2X2,R1X2,R1X7
227,1988,R2X3,R1X3,R1X6
228,1988,R2X4,R1X4,R1X5
229,1988,R2Y1,R1Y1,R1Y8
230,1988,R2Y2,R1Y2,R1Y7
231,1988,R2Y3,R1Y3,R1Y6
232,1988,R2Y4,R1Y4,R1Y5
233,1988,R2Z1,R1Z1,R1Z8
234,1988,R2Z2,R1Z2,R1Z7
235,1988,R2Z3,R1Z3,R1Z6
236,1988,R2Z4,R1Z4,R1Z5
237,1988,R3W1,R2W1,R2W4
238,1988,R3W2,R2W2,R2W3
239,1988,R3X1,R2X1,R2X4
240,1988,R3X2,R2X2,R2X3
241,1988,R3Y1,R2Y1,R2Y4
242,1988,R3Y2,R2Y2,R2Y3
243,1988,R3Z1,R2Z1,R2Z4
244,1988,R3Z2,R2Z2,R2Z3
245,1988,R4W1,R3W1,R3W2
246,1988,R4X1,R3X1,R3X2
247,1988,R4Y1,R3Y1,R3Y2
248,1988,R4Z1,R3Z1,R3Z2
249,1988,R5WX,R4W1,R4X1
250,1988,R5YZ,R4Y1,R4Z1
251,1988,R6CH,R5WX,R5YZ
252,1989,R1W1,W01,W16
253,1989,R1W2,W02,W15
254,1989,R1W3,W03,W14
255,1989,R1W4,W04,W13
256,1989,R1W5,W05,W12
257,1989,R1W6,W06,W11
258,1989,R1W7,W07,W10
259,1989,R1W8,W08,W09
260,1989,R1X1,X01,X16
261,1989,R1X2,X02,X15
262,1989,R1X3,X03,X14
263,1989,R1X4,X04,X13
264,1989,R1X5,X05,X12
265,1989,R1X6,X06,X11
266,1989,R1X7,X07,X10
267,1989,R1X8,X08,X09
268,1989,R1Y1,Y01,Y16
269,1989,R1Y2,Y02,Y15
270,1989,R1Y3,Y03,Y14
271,1989,R1Y4,Y04,Y13
272,1989,R1Y5,Y05,Y12
273,1989,R1Y6,Y06,Y11
274,1989,R1Y7,Y07,Y10
275,1989,R1Y8,Y08,Y09
276,1989,R1Z1,Z01,Z16
277,1989,R1Z2,Z02,Z15
278,1989,R1Z3,Z03,Z14
279,1989,R1Z4,Z04,Z13
280,1989,R1Z5,Z05,Z12
281,1989,R1Z6,Z06,Z11
282,1989,R1Z7,Z07,Z10
283,1989,R1Z8,Z08,Z09
284,1989,R2W1,R1W1,R1W8
285,1989,R2W2,R1W2,R1W7
286,1989,R2W3,R1W3,R1W6
287,1989,R2W4,R1W4,R1W5
288,1989,R2X1,R1X1,R1X8
289,1989,R2X2,R1X2,R1X7
290,1989,R2X3,R1X3,R1X6
291,1989,R2X4,R1X4,R1X5
292,1989,R2Y1,R1Y1,R1Y8
293,1989,R2Y2,R1Y2,R1Y7
294,1989,R2Y3,R1Y3,R1Y6
295,1989,R2Y4,R1Y4,R1Y5
296,1989,R2Z1,R1Z1,R1Z8
297,1989,R2Z2,R1Z2,R1Z7
298,1989,R2Z3,R1Z3,R1Z6
299,1989,R2Z4,R1Z4,R1Z5
300,1989,R3W1,R2W1,R2W4
301,1989,R3W2,R2W2,R2W3
302,1989,R3X1,R2X1,R2X4
303,1989,R3X2,R2X2,R2X3
304,1989,R3Y1,R2Y1,R2Y4
305,1989,R3Y2,R2Y2,R2Y3
306,1989,R3Z1,R2Z1,R2Z4
307,1989,R3Z2,R2Z2,R2Z3
308,1989,R4W1,R3W1,R3W2
309,1989,R4X1,R3X1,R3X2
310,1989,R4Y1,R3Y1,R3Y2
311,1989,R4Z1,R3Z1,R3Z2
312,1989,R5WX,R4W1,R4X1
313,1989,R5YZ,R4Y1,R4Z1
314,1989,R6CH,R5WX,R5YZ
315,1990,R1W1,W01,W16
316,1990,R1W2,W02,W15
317,1990,R1W3,W03,W14
318,1990,R1W4,W04,W13
319,1990,R1W5,W05,W12
320,1990,R1W6,W06,W11
321,1990,R1W7,W07,W10
322,1990,R1W8,W08,W09
323,1990,R1X1,X01,X16
324,1990,R1X2,X02,X15
325,1990,R1X3,X03,X14
326,1990,R1X4,X04,X13
327,1990,R1X5,X05,X12
328,1990,R1X6,X06,X11
329,1990,R1X7,X07,X10
330,1990,R1X8,X08,X09
331,1990,R1Y1,Y01,Y16
332,1990,R1Y2,Y02,Y15
333,1990,R1Y3,Y03,Y14
334,1990,R1Y4,Y04,Y13
335,1990,R1Y5,Y05,Y12
336,1990,R1Y6,Y06,Y11
337,1990,R1Y7,Y07,Y10
338,1990,R1Y8,Y08,Y09
339,1990,R1Z1,Z01,Z16
340,1990,R1Z2,Z02,Z15
341,1990,R1Z3,Z03,Z14
342,1990,R1Z4,Z04,Z13
343,1990,R1Z5,Z05,Z12
344,1990,R1Z6,Z06,Z11
345,1990,R1Z7,Z07,Z10
346,1990,R1Z8,Z08,Z09
347,1990,R2W1,R1W1,R1W8
348,1990,R2W2,R1W2,R1W7
349,1990,R2W3,R1W3,R1W6
350,1990,R2W4,R1W4,R1W5
351,1990,R2X1,R1X1,R1X8
352,1990,R2X2,R1X2,R1X7
353,1990,R2X3,R1X3,R1X6
354,1990,R2X4,R1X4,R1X5
355,1990,R2Y1,R1Y1,R1Y8
356,1990,R2Y2,R1Y2,R1Y7
357,1990,R2Y3,R1Y3,R1Y6
358,1990,R2Y4,R1Y4,R1Y5
359,1990,R2Z1,R1Z1,R1Z8
360,1990,R2Z2,R1Z2,R1Z7
361,1990,R2Z3,R1Z3,R1Z6
362,1990,R2Z4,R1Z4,R1Z5
363,1990,R3W1,R2W1,R2W4
364,1990,R3W2,R2W2,R2W3
365,1990,R3X1,R2X1,R2X4
366,1990,R3X2,R2X2,R2X3
367,1990,R3Y1,R2Y1,R2Y4
368,1990,R3Y2,R2Y2,R2Y3
369,1990,R3Z1,R2Z1,R2Z4
370,1990,R3Z2,R2Z2,R2Z3
371,1990,R4W1,R3W1,R3W2
372,1990,R4X1,R3X1,R3X2
373,1990,R4Y1,R3Y1,R3Y2
374,1990,R4Z1,R3Z1,R3Z2
375,1990,R5WX,R4W1,R4X1
376,1990,R5YZ,R4Y1,R4Z1
377,1990,R6CH,R5WX,R5YZ
378,1991,R1W1,W01,W16
379,1991,R1W2,W02,W15
380,1991,R1W3,W03,W14
381,1991,R1W4,W04,W13
382,1991,R1W5,W05,W12
383,1991,R1W6,W06,W11
384,1991,R1W7,W07,W10
385,1991,R1W8,W08,W09
386,1991,R1X1,X01,X16
387,1991,R1X2,X02,X15
388,1991,R1X3,X03,X14
389,1991,R1X4,X04,X13
390,1991,R1X5,X05,X12
391,1991,R1X6,X06,X11
392,1991,R1X7,X07,X10
393,1991,R1X8,X08,X09
394,1991,R1Y1,Y01,Y16
395,1991,R1Y2,Y02,Y15
396,1991,R1Y3,Y03,Y14
397,1991,R1Y4,Y04,Y13
398,1991,R1Y5,Y05,Y12
399,1991,R1Y6,Y06,Y11
400,1991,R1Y7,Y07,Y10
401,1991,R1Y8,Y08,Y09
402,1991,R1Z1,Z01,Z16
403,1991,R1Z2,Z02,Z15
404,1991,R1Z3,Z03,Z14
405,1991,R1Z4,Z04,Z13
406,1991,R1Z5,Z05,Z12
407,1991,R1Z6,Z06,Z11
408,1991,R1Z7,Z07,Z10
409,1991,R1Z8,Z08,Z09
410,1991,R2W1,R1W1,R1W8
411,1991,R2W2,R1W2,R1W7
412,1991,R2W3,R1W3,R1W6
413,1991,R2W4,R1W4,R1W5
414,1991,R2X1,R1X1,R1X8
415,1991,R2X2,R1X2,R1X7
416,1991,R2X3,R1X3,R1X6
417,1991,R2X4,R1X4,R1X5
418,1991,R2Y1,R1Y1,R1Y8
419,1991,R2Y2,R1Y2,R1Y7
420,1991,R2Y3,R1Y3,R1Y6
421,1991,R2Y4,R1Y4,R1Y5
422,1991,R2Z1,R1Z1,R1Z8
423,1991,R2Z2,R1Z2,R1Z7
424,1991,R2Z3,R1Z3,R1Z6
425,1991,R2Z4,R1Z4,R1Z5
426,1991,R3W1,R2W1,R2W4
427,1991,R3W2,R2W2,R2W3
428,1991,R3X1,R2X1,R2X4
429,1991,R3X2,R2X2,R2X3
430,1991,R3Y1,R2Y1,R2Y4
431,1991,R3Y2,R2Y2,R2Y3
432,1991,R3Z1,R2Z1,R2Z4
433,1991,R3Z2,R2Z2,R2Z3
434,1991,R4W1,R3W1,R3W2
435,1991,R4X1,R3X1,R3X2
436,1991,R4Y1,R3Y1,R3Y2
437,1991,R4Z1,R3Z1,R3Z2
438,1991,R5WX,R4W1,R4X1
439,1991,R5YZ,R4Y1,R4Z1
440,1991,R6CH,R5WX,R5YZ
441,1992,R1W1,W01,W16
442,1992,R1W2,W02,W15
443,1992,R1W3,W03,W14
444,1992,R1W4,W04,W13
445,1992,R1W5,W05,W12
446,1992,R1W6,W06,W11
447,1992,R1W7,W07,W10
448,1992,R1W8,W08,W09
449,1992,R1X1,X01,X16
450,1992,R1X2,X02,X15
451,1992,R1X3,X03,X14
452,1992,R1X4,X04,X13
453,1992,R1X5,X05,X12
454,1992,R1X6,X06,X11
455,1992,R1X7,X07,X10
456,1992,R1X8,X08,X09
457,1992,R1Y1,Y01,Y16
458,1992,R1Y2,Y02,Y15
459,1992,R1Y3,Y03,Y14
460,1992,R1Y4,Y04,Y13
461,1992,R1Y5,Y05,Y12
462,1992,R1Y6,Y06,Y11
463,1992,R1Y7,Y07,Y10
464,1992,R1Y8,Y08,Y09
465,1992,R1Z1,Z01,Z16
466,1992,R1Z2,Z02,Z15
467,1992,R1Z3,Z03,Z14
468,1992,R1Z4,Z04,Z13
469,1992,R1Z5,Z05,Z12
470,1992,R1Z6,Z06,Z11
471,1992,R1Z7,Z07,Z10
472,1992,R1Z8,Z08,Z09
473,1992,R2W1,R1W1,R1W8
474,1992,R2W2,R1W2,R1W7
475,1992,R2W3,R1W3,R1W6
476,1992,R2W4,R1W4,R1W5
477,1992,R2X1,R1X1,R1X8
478,1992,R2X2,R1X2,R1X7
479,1992,R2X3,R1X3,R1X6
480,1992,R2X4,R1X4,R1X5
481,1992,R2Y1,R1Y1,R1Y8
482,1992,R2Y2,R1Y2,R1Y7
483,1992,R2Y3,R1Y3,R1Y6
484,1992,R2Y4,R1Y4,R1Y5
485,1992,R2Z1,R1Z1,R1Z8
486,1992,R2Z2,R1Z2,R1Z7
487,1992,R2Z3,R1Z3,R1Z6
488,1992,R2Z4,R1Z4,R1Z5
489,1992,R3W1,R2W1,R2W4
490,1992,R3W2,R2W2,R2W3
491,1992,R3X1,R2X1,R2X4
492,1992,R3X2,R2X2,R2X3
493,1992,R3Y1,R2Y1,R2Y4
494,1992,R3Y2,R2Y2,R2Y3
495,1992,R3Z1,R2Z1,R2Z4
496,1992,R3Z2,R2Z2,R2Z3
497,1992,R4W1,R3W1,R3W2
498,1992,R4X1,R3X1,R3X2
499,1992,R4Y1,R3Y1,R3Y2
500,1992,R4Z1,R3Z1,R3Z2
501,1992,R5WX,R4W1,R4X1
502,1992,R5YZ,R4Y1,R4Z1
503,1992,R6CH,R5WX,R5YZ
504,1993,R1W1,W01,W16
505,1993,R1W2,W02,W15
506,1993,R1W3,W03,W14
507,1993,R1W4,W04,W13
508,1993,R1W5,W05,W12
509,1993,R1W6,W06,W11
510,1993,R1W7,W07,W10
511,1993,R1W8,W08,W09
512,1993,R1X1,X01,X16
513,1993,R1X2,X02,X15
514,1993,R1X3,X03,X14
515,1993,R1X4,X04,X13
516,1993,R1X5,X05,X12
517,1993,R1X6,X06,X11
518,1993,R1X7,X07,X10
519,1993,R1X8,X08,X09
520,1993,R1Y1,Y01,Y16
521,1993,R1Y2,Y02,Y15
522,1993,R1Y3,Y03,Y14
523,1993,R1Y4,Y04,Y13
524,1993,R1Y5,Y05,Y12
525,1993,R1Y6,Y06,Y11
526,1993,R1Y7,Y07,Y10
527,1993,R1Y8,Y08,Y09
528,1993,R1Z1,Z01,Z16
529,1993,R1Z2,Z02,Z15
530,1993,R1Z3,Z03,Z14
531,1993,R1Z4,Z04,Z13
532,1993,R1Z5,Z05,Z12
533,1993,R1Z6,Z06,Z11
534,1993,R1Z7,Z07,Z10
535,1993,R1Z8,Z08,Z09
536,1993,R2W1,R1W1,R1W8
537,1993,R2W2,R1W2,R1W7
538,1993,R2W3,R1W3,R1W6
539,1993,R2W4,R1W4,R1W5
540,1993,R2X1,R1X1,R1X8
541,1993,R2X2,R1X2,R1X7
542,1993,R2X3,R1X3,R1X6
543,1993,R2X4,R1X4,R1X5
544,1993,R2Y1,R1Y1,R1Y8
545,1993,R2Y2,R1Y2,R1Y7
546,1993,R2Y3,R1Y3,R1Y6
547,1993,R2Y4,R1Y4,R1Y5
548,1993,R2Z1,R1Z1,R1Z8
549,1993,R2Z2,R1Z2,R1Z7
550,1993,R2Z3,R1Z3,R1Z6
551,1993,R2Z4,R1Z4,R1Z5
552,1993,R3W1,R2W1,R2W4
553,1993,R3W2,R2W2,R2W3
554,1993,R3X1,R2X1,R2X4
555,1993,R3X2,R2X2,R2X3
556,1993,R3Y1,R2Y1,R2Y4
557,1993,R3Y2,R2Y2,R2Y3
558,1993,R3Z1,R2Z1,R2Z4
559,1993,R3Z2,R2Z2,R2Z3
560,1993,R4W1,R3W1,R3W2
561,1993,R4X1,R3X1,R3X2
562,1993,R4Y1,R3Y1,R3Y2
563,1993,R4Z1,R3Z1,R3Z2
564,1993,R5WX,R4W1,R4X1
565,1993,R5YZ,R4Y1,R4Z1
566,1993,R6CH,R5WX,R5YZ
567,1994,R1W1,W01,W16
568,1994,R1W2,W02,W15
569,1994,R1W3,W03,W14
570,1994,R1W4,W04,W13
571,1994,R1W5,W05,W12
572,1994,R1W6,W06,W11
573,1994,R1W7,W07,W10
574,1994,R1W8,W08,W09
575,1994,R1X1,X01,X16
576,1994,R1X2,X02,X15
577,1994,R1X3,X03,X14
578,1994,R1X4,X04,X13
579,1994,R1X5,X05,X12
580,1994,R1X6,X06,X11
581,1994,R1X7,X07,X10
582,1994,R1X8,X08,X09
583,1994,R1Y1,Y01,Y16
584,1994,R1Y2,Y02,Y15
585,1994,R1Y3,Y03,Y14
586,1994,R1Y4,Y04,Y13
587,1994,R1Y5,Y05,Y12
588,1994,R1Y6,Y06,Y11
589,1994,R1Y7,Y07,Y10
590,1994,R1Y8,Y08,Y09
591,1994,R1Z1,Z01,Z16
592,1994,R1Z2,Z02,Z15
593,1994,R1Z3,Z03,Z14
594,1994,R1Z4,Z04,Z13
595,1994,R1Z5,Z05,Z12
596,1994,R1Z6,Z06,Z11
597,1994,R1Z7,Z07,Z10
598,1994,R1Z8,Z08,Z09
599,1994,R2W1,R1W1,R1W8
600,1994,R2W2,R1W2,R1W7
601,1994,R2W3,R1W3,R1W6
602,1994,R2W4,R1W4,R1W5
603,1994,R2X1,R1X1,R1X8
604,1994,R2X2,R1X2,R1X7
605,1994,R2X3,R1X3,R1X6
606,1994,R2X4,R1X4,R1X5
607,1994,R2Y1,R1Y1,R1Y8
608,1994,R2Y2,R1Y2,R1Y7
609,1994,R2Y3,R1Y3,R1Y6
610,1994,R2Y4,R1Y4,R1Y5
611,1994,R2Z1,R1Z1,R1Z8
612,1994,R2Z2,R1Z2,R1Z7
613,1994,R2Z3,R1Z3,R1Z6
614,1994,R2Z4,R1Z4,R1Z5
615,1994,R3W1,R2W1,R2W4
616,1994,R3W2,R2W2,R2W3
617,1994,R3X1,R2X1,R2X4
618,1994,R3X2,R2X2,R2X3
619,1994,R3Y1,R2Y1,R2Y4
620,1994,R3Y2,R2Y2,R2Y3
621,1994,R3Z1,R2Z1,R2Z4
622,1994,R3Z2,R2Z2,R2Z3
623,1994,R4W1,R3W1,R3W2
624,1994,R4X1,R3X1,R3X2
625,1994,R4Y1,R3Y1,R3Y2
626,1994,R4Z1,R3Z1,R3Z2
627,1994,R5WX,R4W1,R4X1
628,1994,R5YZ,R4Y1,R4Z1
629,1994,R6CH,R5WX,R5YZ
630,1995,R1W1,W01,W16
631,1995,R1W2,W02,W15
632,1995,R1W3,W03,W14
633,1995,R1W4,W04,W13
634,1995,R1W5,W05,W12
635,1995,R1W6,W06,W11
636,1995,R1W7,W07,W10
637,1995,R1W8,W08,W09
638,1995,R1X1,X01,X16
639,1995,R1X2,X02,X15
640,1995,R1X3,X03,X14
641,1995,R1X4,X04,X13
642,1995,R1X5,X05,X12
643,1995,R1X6,X06,X11
644,1995,R1X7,X07,X10
645,1995,R1X8,X08,X09
646,1995,R1Y1,Y01,Y16
647,1995,R1Y2,Y02,Y15
648,1995,R1Y3,Y03,Y14
649,1995,R1Y4,Y04,Y13
650,1995,R1Y5,Y05,Y12
651,1995,R1Y6,Y06,Y11
652,1995,R1Y7,Y07,Y10
653,1995,R1Y8,Y08,Y09
654,1995,R1Z1,Z01,Z16
655,1995,R1Z2,Z02,Z15
656,1995,R1Z3,Z03,Z14
657,1995,R1Z4,Z04,Z13
658,1995,R1Z5,Z05,Z12
659,1995,R1Z6,Z06,Z11
660,1995,R1Z7,Z07,Z10
661,1995,R1Z8,Z08,Z09
662,1995,R2W1,R1W1,R1W8
663,1995,R2W2,R1W2,R1W7
664,1995,R2W3,R1W3,R1W6
665,1995,R2W4,R1W4,R1W5
666,1995,R2X1,R1X1,R1X8
667,1995,R2X2,R1X2,R1X7
668,1995,R2X3,R1X3,R1X6
669,1995,R2X4,R1X4,R1X5
670,1995,R2Y1,R1Y1,R1Y8
671,1995,R2Y2,R1Y2,R1Y7
672,1995,R2Y3,R1Y3,R1Y6
673,1995,R2Y4,R1Y4,R1Y5
674,1995,R2Z1,R1Z1,R1Z8
675,1995,R2Z2,R1Z2,R1Z7
676,1995,R2Z3,R1Z3,R1Z6
677,1995,R2Z4,R1Z4,R1Z5
678,1995,R3W1,R2W1,R2W4
679,1995,R3W2,R2W2,R2W3
680,1995,R3X1,R2X1,R2X4
681,1995,R3X2,R2X2,R2X3
682,1995,R3Y1,R2Y1,R2Y4
683,1995,R3Y2,R2Y2,R2Y3
684,1995,R3Z1,R2Z1,R2Z4
685,1995,R3Z2,R2Z2,R2Z3
686,1995,R4W1,R3W1,R3W2
687,1995,R4X1,R3X1,R3X2
688,1995,R4Y1,R3Y1,R3Y2
689,1995,R4Z1,R3Z1,R3Z2
690,1995,R5WX,R4W1,R4X1
691,1995,R5YZ,R4Y1,R4Z1
692,1995,R6CH,R5WX,R5YZ
693,1996,R1W1,W01,W16
694,1996,R1W2,W02,W15
695,1996,R1W3,W03,W14
696,1996,R1W4,W04,W13
697,1996,R1W5,W05,W12
698,1996,R1W6,W06,W11
699,1996,R1W7,W07,W10
700,1996,R1W8,W08,W09
701,1996,R1X1,X01,X16
702,1996,R1X2,X02,X15
703,1996,R1X3,X03,X14
704,1996,R1X4,X04,X13
705,1996,R1X5,X05,X12
706,1996,R1X6,X06,X11
707,1996,R1X7,X07,X10
708,1996,R1X8,X08,X09
709,1996,R1Y1,Y01,Y16
710,1996,R1Y2,Y02,Y15
711,1996,R1Y3,Y03,Y14
712,1996,R1Y4,Y04,Y13
713,1996,R1Y5,Y05,Y12
714,1996,R1Y6,Y06,Y11
715,1996,R1Y7,Y07,Y10
716,1996,R1Y8,Y08,Y09
717,1996,R1Z1,Z01,Z16
718,1996,R1Z2,Z02,Z15
719,1996,R1Z3,Z03,Z14
720,1996,R1Z4,Z04,Z13
721,1996,R1Z5,Z05,Z12
722,1996,R1Z6,Z06,Z11
723,1996,R1Z7,Z07,Z10
724,1996,R1Z8,Z08,Z09
725,1996,R2W1,R1W1,R1W8
726,1996,R2W2,R1W2,R1W7
727,1996,R2W3,R1W3,R1W6
728,1996,R2W4,R1W4,R1W5
729,1996,R2X1,R1X1,R1X8
730,1996,R2X2,R1X2,R1X7
731,1996,R2X3,R1X3,R1X6
732,1996,R2X4,R1X4,R1X5
733,1996,R2Y1,R1Y1,R1Y8
734,1996,R2Y2,R1Y2,R1Y7
735,1996,R2Y3,R1Y3,R1Y6
736,1996,R2Y4,R1Y4,R1Y5
737,1996,R2Z1,R1Z1,R1Z8
738,1996,R2Z2,R1Z2,R1Z7
739,1996,R2Z3,R1Z3,R1Z6
740,1996,R2Z4,R1Z4,R1Z5
741,1996,R3W1,R2W1,R2W4
742,1996,R3W2,R2W2,R2W3
743,1996,R3X1,R2X1,R2X4
744,1996,R3X2,R2X2,R2X3
745,1996,R3Y1,R2Y1,R2Y4
746,1996,R3Y2,R2Y2,R2Y3
747,1996,R3Z1,R2Z1,R2Z4
748,1996,R3Z2,R2Z2,R2Z3
749,1996,R4W1,R3W1,R3W2
750,1996,R4X1,R3X1,R3X2
751,1996,R4Y1,R3Y1,R3Y2
752,1996,R4Z1,R3Z1,R3Z2
753,1996,R5WX,R4W1,R4X1
754,1996,R5YZ,R4Y1,R4Z1
755,1996,R6CH,R5WX,R5YZ
756,1997,R1W1,W01,W16
757,1997,R1W2,W02,W15
758,1997,R1W3,W03,W14
759,1997,R1W4,W04,W13
760,1997,R1W5,W05,W12
761,1997,R1W6,W06,W11
762,1997,R1W7,W07,W10
763,1997,R1W8,W08,W09
764,1997,R1X1,X01,X16
765,1997,R1X2,X02,X15
766,1997,R1X3,X03,X14
767,1997,R1X4,X04,X13
768,1997,R1X5,X05,X12
769,1997,R1X6,X06,X11
770,1997,R1X7,X07,X10
771,1997,R1X8,X08,X09
772,1997,R1Y1,Y01,Y16
773,1997,R1Y2,Y02,Y15
774,1997,R1Y3,Y03,Y14
775,1997,R1Y4,Y04,Y13
776,1997,R1Y5,Y05,Y12
777,1997,R1Y6,Y06,Y11
778,1997,R1Y7,Y07,Y10
779,1997,R1Y8,Y08,Y09
780,1997,R1Z1,Z01,Z16
781,1997,R1Z2,Z02,Z15
782,1997,R1Z3,Z03,Z14
783,1997,R1Z4,Z04,Z13
784,1997,R1Z5,Z05,Z12
785,1997,R1Z6,Z06,Z11
786,1997,R1Z7,Z07,Z10
787,1997,R1Z8,Z08,Z09
788,1997,R2W1,R1W1,R1W8
789,1997,R2W2,R1W2,R1W7
790,1997,R2W3,R1W3,R1W6
791,1997,R2W4,R1W4,R1W5
792,1997,R2X1,R1X1,R1X8
793,1997,R2X2,R1X2,R1X7
794,1997,R2X3,R1X3,R1X6
795,1997,R2X4,R1X4,R1X5
796,1997,R2Y1,R1Y1,R1Y8
797,1997,R2Y2,R1Y2,R1Y7
798,1997,R2Y3,R1Y3,R1Y6
799,1997,R2Y4,R1Y4,R1Y5
800,1997,R2Z1,R1Z1,R1Z8
801,1997,R2Z2,R1Z2,R1Z7
802,1997,R2Z3,R1Z3,R1Z6
803,1997,R2Z4,R1Z4,R1Z5
804,1997,R3W1,R2W1,R2W4
805,1997,R3W2,R2W2,R2W3
806,1997,R3X1,R2X1,R2X4
807,1997,R3X2,R2X2,R2X3
808,1997,R3Y1,R2Y1,R2Y4
809,1997,R3Y2,R2Y2,R2Y3
810,1997,R3Z1,R2Z1,R2Z4
811,1997,R3Z2,R2Z2,R2Z3
812,1997,R4W1,R3W1,R3W2
813,1997,R4X1,R3X1,R3X2
814,1997,R4Y1,R3Y1,R3Y2
815,1997,R4Z1,R3Z1,R3Z2
816,1997,R5WX,R4W1,R4X1
817,1997,R5YZ,R4Y1,R4Z1
818,1997,R6CH,R5WX,R5YZ
819,1998,R1W1,W01,W16
820,1998,R1W2,W02,W15
821,1998,R1W3,W03,W14
822,1998,R1W4,W04,W13
823,1998,R1W5,W05,W12
824,1998,R1W6,W06,W11
825,1998,R1W7,W07,W10
826,1998,R1W8,W08,W09
827,1998,R1X1,X01,X16
828,1998,R1X2,X02,X15
829,1998,R1X3,X03,X14
830,1998,R1X4,X04,X13
831,1998,R1X5,X05,X12
832,1998,R1X6,X06,X11
833,1998,R1X7,X07,X10
834,1998,R1X8,X08,X09
835,1998,R1Y1,Y01,Y16
836,1998,R1Y2,Y02,Y15
837,1998,R1Y3,Y03,Y14
838,1998,R1Y4,Y04,Y13
839,1998,R1Y5,Y05,Y12
840,1998,R1Y6,Y06,Y11
841,1998,R1Y7,Y07,Y10
842,1998,R1Y8,Y08,Y09
843,1998,R1Z1,Z01,Z16
844,1998,R1Z2,Z02,Z15
845,1998,R1Z3,Z03,Z14
846,1998,R1Z4,Z04,Z13
847,1998,R1Z5,Z05,Z12
848,1998,R1Z6,Z06,Z11
849,1998,R1Z7,Z07,Z10
850,1998,R1Z8,Z08,Z09
851,1998,R2W1,R1W1,R1W8
852,1998,R2W2,R1W2,R1W7
853,1998,R2W3,R1W3,R1W6
854,1998,R2W4,R1W4,R1W5
855,1998,R2X1,R1X1,R1X8
856,1998,R2X2,R1X2,R1X7
857,1998,R2X3,R1X3,R1X6
858,1998,R2X4,R1X4,R1X5
859,1998,R2Y1,R1Y1,R1Y8
860,1998,R2Y2,R1Y2,R1Y7
861,1998,R2Y3,R1Y3,R1Y6
862,1998,R2Y4,R1Y4,R1Y5
863,1998,R2Z1,R1Z1,R1Z8
864,1998,R2Z2,R1Z2,R1Z7
865,1998,R2Z3,R1Z3,R1Z6
866,1998,R2Z4,R1Z4,R1Z5
867,1998,R3W1,R2W1,R2W4
868,1998,R3W2,R2W2,R2W3
869,1998,R3X1,R2X1,R2X4
870,1998,R3X2,R2X2,R2X3
871,1998,R3Y1,R2Y1,R2Y4
872,1998,R3Y2,R2Y2,R2Y3
873,1998,R3Z1,R2Z1,R2Z4
874,1998,R3Z2,R2Z2,R2Z3
875,1998,R4W1,R3W1,R3W2
876,1998,R4X1,R3X1,R3X2
877,1998,R4Y1,R3Y1,R3Y2
878,1998,R4Z1,R3Z1,R3Z2
879,1998,R5WX,R4W1,R4X1
880,1998,R5YZ,R4Y1,R4Z1
881,1998,R6CH,R5WX,R5YZ
882,1999,R1W1,W01,W16
883,1999,R1W2,W02,W15
884,1999,R1W3,W03,W14
885,1999,R1W4,W04,W13
886,1999,R1W5,W05,W12
887,1999,R1W6,W06,W11
888,1999,R1W7,W07,W10
889,1999,R1W8,W08,W09
890,1999,R1X1,X01,X16
891,1999,R1X2,X02,X15
892,1999,R1X3,X03,X14
893,1999,R1X4,X04,X13
894,1999,R1X5,X05,X12
895,1999,R1X6,X06,X11
896,1999,R1X7,X07,X10
897,1999,R1X8,X08,X09
898,1999,R1Y1,Y01,Y16
899,1999,R1Y2,Y02,Y15
900,1999,R1Y3,Y03,Y14
901,1999,R1Y4,Y04,Y13
902,1999,R1Y5,Y05,Y12
903,1999,R1Y6,Y06,Y11
904,1999,R1Y7,Y07,Y10
905,1999,R1Y8,Y08,Y09
906,1999,R1Z1,Z01,Z16
907,1999,R1Z2,Z02,Z15
908,1999,R1Z3,Z03,Z14
909,1999,R1Z4,Z04,Z13
910,1999,R1Z5,Z05,Z12
911,1999,R1Z6,Z06,Z11
912,1999,R1Z7,Z07,Z10
913,1999,R1Z8,Z08,Z09
914,1999,R2W1,R1W1,R1W8
915,1999,R2W2,R1W2,R1W7
916,1999,R2W3,R1W3,R1W6
917,1999,R2W4,R1W4,R1W5
918,1999,R2X1,R1X1,R1X8
919,1999,R2X2,R1X2,R1X7
920,1999,R2X3,R1X3,R1X6
921,1999,R2X4,R1X4,R1X5
922,1999,R2Y1,R1Y1,R1Y8
923,1999,R2Y2,R1Y2,R1Y7
924,1999,R2Y3,R1Y3,R1Y6
925,1999,R2Y4,R1Y4,R1Y5
926,1999,R2Z1,R1Z1,R1Z8
927,1999,R2Z2,R1Z2,R1Z7
928,1999,R2Z3,R1Z3,R1Z6
929,1999,R2Z4,R1Z4,R1Z5
930,1999,R3W1,R2W1,R2W4
931,1999,R3W2,R2W2,R2W3
932,1999,R3X1,R2X1,R2X4
933,1999,R3X2,R2X2,R2X3
934,1999,R3Y1,R2Y1,R2Y4
935,1999,R3Y2,R2Y2,R2Y3
936,1999,R3Z1,R2Z1,R2Z4
937,1999,R3Z2,R2Z2,R2Z3
938,1999,R4W1,R3W1,R3W2
939,1999,R4X1,R3X1,R3X2
940,1999,R4Y1,R3Y1,R3Y2
941,1999,R4Z1,R3Z1,R3Z2
942,1999,R5WX,R4W1,R4X1
943,1999,R5YZ,R4Y1,R4Z1
944,1999,R6CH,R5WX,R5YZ
945,2000,R1W1,W01,W16
946,2000,R1W2,W02,W15
947,2000,R1W3,W03,W14
948,2000,R1W4,W04,W13
949,2000,R1W5,W05,W12
950,2000,R1W6,W06,W11
951,2000,R1W7,W07,W10
952,2000,R1W8,W08,W09
953,2000,R1X1,X01,X16
954,2000,R1X2,X02,X15
955,2000,R1X3,X03,X14
956,2000,R1X4,X04,X13
957,2000,R1X5,X05,X12
958,2000,R1X6,X06,X11
959,2000,R1X7,X07,X10
960,2000,R1X8,X08,X09
961,2000,R1Y1,Y01,Y16
962,2000,R1Y2,Y02,Y15
963,2000,R1Y3,Y03,Y14
964,2000,R1Y4,Y04,Y13
965,2000,R1Y5,Y05,Y12
966,2000,R1Y6,Y06,Y11
967,2000,R1Y7,Y07,Y10
968,2000,R1Y8,Y08,Y09
969,2000,R1Z1,Z01,Z16
970,2000,R1Z2,Z02,Z15
971,2000,R1Z3,Z03,Z14
972,2000,R1Z4,Z04,Z13
973,2000,R1Z5,Z05,Z12
974,2000,R1Z6,Z06,Z11
975,2000,R1Z7,Z07,Z10
976,2000,R1Z8,Z08,Z09
977,2000,R2W1,R1W1,R1W8
978,2000,R2W2,R1W2,R1W7
979,2000,R2W3,R1W3,R1W6
980,2000,R2W4,R1W4,R1W5
981,2000,R2X1,R1X1,R1X8
982,2000,R2X2,R1X2,R1X7
983,2000,R2X3,R1X3,R1X6
984,2000,R2X4,R1X4,R1X5
985,2000,R2Y1,R1Y1,R1Y8
986,2000,R2Y2,R1Y2,R1Y7
987,2000,R2Y3,R1Y3,R1Y6
988,2000,R2Y4,R1Y4,R1Y5
989,2000,R2Z1,R1Z1,R1Z8
990,2000,R2Z2,R1Z2,R1Z7
991,2000,R2Z3,R1Z3,R1Z6
992,2000,R2Z4,R1Z4,R1Z5
993,2000,R3W1,R2W1,R2W4
994,2000,R3W2,R2W2,R2W3
995,2000,R3X1,R2X1,R2X4
996,2000,R3X2,R2X2,R2X3
997,2000,R3Y1,R2Y1,R2Y4
998,2000,R3Y2,R2Y2,R2Y3
999,2000,R3Z1,R2Z1,R2Z4
1000,2000,R3Z2,R2Z2,R2Z3
1001,2000,R4W1,R3W1,R3W2
1002,2000,R4X1,R3X1,R3X2
1003,2000,R4Y1,R3Y1,R3Y2
1004,2000,R4Z1,R3Z1,R3Z2
1005,2000,R5WX,R4W1,R4X1
1006,2000,R5YZ,R4Y1,R4Z1
1007,2000,R6CH,R5WX,R5YZ
1008,2001,R1W1,W01,W16
1009,2001,R1W2,W02,W15
1010,2001,R1W3,W03,W14
1011,2001,R1W4,W04,W13
1012,2001,R1W5,W05,W12
1013,2001,R1W6,W06,W11
1014,2001,R1W7,W07,W10
1015,2001,R1W8,W08,W09
1016,2001,R1X1,X01,X16
1017,2001,R1X2,X02,X15
1018,2001,R1X3,X03,X14
1019,2001,R1X4,X04,X13
1020,2001,R1X5,X05,X12
1021,2001,R1X6,X06,X11
1022,2001,R1X7,X07,X10
1023,2001,R1X8,X08,X09
1024,2001,R1Y1,Y01,Y16
1025,2001,R1Y2,Y02,Y15
1026,2001,R1Y3,Y03,Y14
1027,2001,R1Y4,Y04,Y13
1028,2001,R1Y5,Y05,Y12
1029,2001,R1Y6,Y06,Y11
1030,2001,R1Y7,Y07,Y10
1031,2001,R1Y8,Y08,Y09
1032,2001,R1Z1,Z01,Z16
1033,2001,R1Z2,Z02,Z15
1034,2001,R1Z3,Z03,Z14
1035,2001,R1Z4,Z04,Z13
1036,2001,R1Z5,Z05,Z12
1037,2001,R1Z6,Z06,Z11
1038,2001,R1Z7,Z07,Z10
1039,2001,R1Z8,Z08,Z09
1040,2001,R2W1,R1W1,R1W8
1041,2001,R2W2,R1W2,R1W7
1042,2001,R2W3,R1W3,R1W6
1043,2001,R2W4,R1W4,R1W5
1044,2001,R2X1,R1X1,R1X8
1045,2001,R2X2,R1X2,R1X7
1046,2001,R2X3,R1X3,R1X6
1047,2001,R2X4,R1X4,R1X5
1048,2001,R2Y1,R1Y1,R1Y8
1049,2001,R2Y2,R1Y2,R1Y7
1050,2001,R2Y3,R1Y3,R1Y6
1051,2001,R2Y4,R1Y4,R1Y5
1052,2001,R2Z1,R1Z1,R1Z8
1053,2001,R2Z2,R1Z2,R1Z7
1054,2001,R2Z3,R1Z3,R1Z6
1055,2001,R2Z4,R1Z4,R1Z5
1056,2001,R3W1,R2W1,R2W4
1057,2001,R3W2,R2W2,R2W3
1058,2001,R3X1,R2X1,R2X4
1059,2001,R3X2,R2X2,R2X3
1060,2001,R3Y1,R2Y1,R2Y4
1061,2001,R3Y2,R2Y2,R2Y3
1062,2001,R3Z1,R2Z1,R2Z4
1063,2001,R3Z2,R2Z2,R2Z3
1064,2001,R4W1,R3W1,R3W2
1065,2001,R4X1,R3X1,R3X2
1066,2001,R4Y1,R3Y1,R3Y2
1067,2001,R4Z1,R3Z1,R3Z2
1068,2001,R5WX,R4W1,R4X1
1069,2001,R5YZ,R4Y1,R4Z1
1070,2001,R6CH,R5WX,R5YZ
1071,2001,Y16,Y16a,Y16b
1072,2002,R1W1,W01,W16
1073,2002,R1W2,W02,W15
1074,2002,R1W3,W03,W14
1075,2002,R1W4,W04,W13
1076,2002,R1W5,W05,W12
1077,2002,R1W6,W06,W11
1078,2002,R1W7,W07,W10
1079,2002,R1W8,W08,W09
1080,2002,R1X1,X01,X16
1081,2002,R1X2,X02,X15
1082,2002,R1X3,X03,X14
1083,2002,R1X4,X04,X13
1084,2002,R1X5,X05,X12
1085,2002,R1X6,X06,X11
1086,2002,R1X7,X07,X10
1087,2002,R1X8,X08,X09
1088,2002,R1Y1,Y01,Y16
1089,2002,R1Y2,Y02,Y15
1090,2002,R1Y3,Y03,Y14
1091,2002,R1Y4,Y04,Y13
1092,2002,R1Y5,Y05,Y12
1093,2002,R1Y6,Y06,Y11
1094,2002,R1Y7,Y07,Y10
1095,2002,R1Y8,Y08,Y09
1096,2002,R1Z1,Z01,Z16
1097,2002,R1Z2,Z02,Z15
1098,2002,R1Z3,Z03,Z14
1099,2002,R1Z4,Z04,Z13
1100,2002,R1Z5,Z05,Z12
1101,2002,R1Z6,Z06,Z11
1102,2002,R1Z7,Z07,Z10
1103,2002,R1Z8,Z08,Z09
1104,2002,R2W1,R1W1,R1W8
1105,2002,R2W2,R1W2,R1W7
1106,2002,R2W3,R1W3,R1W6
1107,2002,R2W4,R1W4,R1W5
1108,2002,R2X1,R1X1,R1X8
1109,2002,R2X2,R1X2,R1X7
1110,2002,R2X3,R1X3,R1X6
1111,2002,R2X4,R1X4,R1X5
1112,2002,R2Y1,R1Y1,R1Y8
1113,2002,R2Y2,R1Y2,R1Y7
1114,2002,R2Y3,R1Y3,R1Y6
1115,2002,R2Y4,R1Y4,R1Y5
1116,2002,R2Z1,R1Z1,R1Z8
1117,2002,R2Z2,R1Z2,R1Z7
1118,2002,R2Z3,R1Z3,R1Z6
1119,2002,R2Z4,R1Z4,R1Z5
1120,2002,R3W1,R2W1,R2W4
1121,2002,R3W2,R2W2,R2W3
1122,2002,R3X1,R2X1,R2X4
1123,2002,R3X2,R2X2,R2X3
1124,2002,R3Y1,R2Y1,R2Y4
1125,2002,R3Y2,R2Y2,R2Y3
1126,2002,R3Z1,R2Z1,R2Z4
1127,2002,R3Z2,R2Z2,R2Z3
1128,2002,R4W1,R3W1,R3W2
1129,2002,R4X1,R3X1,R3X2
1130,2002,R4Y1,R3Y1,R3Y2
1131,2002,R4Z1,R3Z1,R3Z2
1132,2002,R5WX,R4W1,R4X1
1133,2002,R5YZ,R4Y1,R4Z1
1134,2002,R6CH,R5WX,R5YZ
1135,2002,W16,W16a,W16b
1136,2003,R1W1,W01,W16
1137,2003,R1W2,W02,W15
1138,2003,R1W3,W03,W14
1139,2003,R1W4,W04,W13
1140,2003,R1W5,W05,W12
1141,2003,R1W6,W06,W11
1142,2003,R1W7,W07,W10
1143,2003,R1W8,W08,W09
1144,2003,R1X1,X01,X16
1145,2003,R1X2,X02,X15
1146,2003,R1X3,X03,X14
1147,2003,R1X4,X04,X13
1148,2003,R1X5,X05,X12
1149,2003,R1X6,X06,X11
1150,2003,R1X7,X07,X10
1151,2003,R1X8,X08,X09
1152,2003,R1Y1,Y01,Y16
1153,2003,R1Y2,Y02,Y15
1154,2003,R1Y3,Y03,Y14
1155,2003,R1Y4,Y04,Y13
1156,2003,R1Y5,Y05,Y12
1157,2003,R1Y6,Y06,Y11
1158,2003,R1Y7,Y07,Y10
1159,2003,R1Y8,Y08,Y09
1160,2003,R1Z1,Z01,Z16
1161,2003,R1Z2,Z02,Z15
1162,2003,R1Z3,Z03,Z14
1163,2003,R1Z4,Z04,Z13
1164,2003,R1Z5,Z05,Z12
1165,2003,R1Z6,Z06,Z11
1166,2003,R1Z7,Z07,Z10
1167,2003,R1Z8,Z08,Z09
1168,2003,R2W1,R1W1,R1W8
1169,2003,R2W2,R1W2,R1W7
1170,2003,R2W3,R1W3,R1W6
1171,2003,R2W4,R1W4,R1W5
1172,2003,R2X1,R1X1,R1X8
1173,2003,R2X2,R1X2,R1X7
1174,2003,R2X3,R1X3,R1X6
1175,2003,R2X4,R1X4,R1X5
1176,2003,R2Y1,R1Y1,R1Y8
1177,2003,R2Y2,R1Y2,R1Y7
1178,2003,R2Y3,R1Y3,R1Y6
1179,2003,R2Y4,R1Y4,R1Y5
1180,2003,R2Z1,R1Z1,R1Z8
1181,2003,R2Z2,R1Z2,R1Z7
1182,2003,R2Z3,R1Z3,R1Z6
1183,2003,R2Z4,R1Z4,R1Z5
1184,2003,R3W1,R2W1,R2W4
1185,2003,R3W2,R2W2,R2W3
1186,2003,R3X1,R2X1,R2X4
1187,2003,R3X2,R2X2,R2X3
1188,2003,R3Y1,R2Y1,R2Y4
1189,2003,R3Y2,R2Y2,R2Y3
1190,2003,R3Z1,R2Z1,R2Z4
1191,2003,R3Z2,R2Z2,R2Z3
1192,2003,R4W1,R3W1,R3W2
1193,2003,R4X1,R3X1,R3X2
1194,2003,R4Y1,R3Y1,R3Y2
1195,2003,R4Z1,R3Z1,R3Z2
1196,2003,R5WX,R4W1,R4X1
1197,2003,R5YZ,R4Y1,R4Z1
1198,2003,R6CH,R5WX,R5YZ
1199,2003,X16,X16a,X16b
1200,2004,R1W1,W01,W16
1201,2004,R1W2,W02,W15
1202,2004,R1W3,W03,W14
1203,2004,R1W4,W04,W13
1204,2004,R1W5,W05,W12
1205,2004,R1W6,W06,W11
1206,2004,R1W7,W07,W10
1207,2004,R1W8,W08,W09
1208,2004,R1X1,X01,X16
1209,2004,R1X2,X02,X15
1210,2004,R1X3,X03,X14
1211,2004,R1X4,X04,X13
1212,2004,R1X5,X05,X12
1213,2004,R1X6,X06,X11
1214,2004,R1X7,X07,X10
1215,2004,R1X8,X08,X09
1216,2004,R1Y1,Y01,Y16
1217,2004,R1Y2,Y02,Y15
1218,2004,R1Y3,Y03,Y14
1219,2004,R1Y4,Y04,Y13
1220,2004,R1Y5,Y05,Y12
1221,2004,R1Y6,Y06,Y11
1222,2004,R1Y7,Y07,Y10
1223,2004,R1Y8,Y08,Y09
1224,2004,R1Z1,Z01,Z16
1225,2004,R1Z2,Z02,Z15
1226,2004,R1Z3,Z03,Z14
1227,2004,R1Z4,Z04,Z13
1228,2004,R1Z5,Z05,Z12
1229,2004,R1Z6,Z06,Z11
1230,2004,R1Z7,Z07,Z10
1231,2004,R1Z8,Z08,Z09
1232,2004,R2W1,R1W1,R1W8
1233,2004,R2W2,R1W2,R1W7
1234,2004,R2W3,R1W3,R1W6
1235,2004,R2W4,R1W4,R1W5
1236,2004,R2X1,R1X1,R1X8
1237,2004,R2X2,R1X2,R1X7
1238,2004,R2X3,R1X3,R1X6
1239,2004,R2X4,R1X4,R1X5
1240,2004,R2Y1,R1Y1,R1Y8
1241,2004,R2Y2,R1Y2,R1Y7
1242,2004,R2Y3,R1Y3,R1Y6
1243,2004,R2Y4,R1Y4,R1Y5
1244,2004,R2Z1,R1Z1,R1Z8
1245,2004,R2Z2,R1Z2,R1Z7
1246,2004,R2Z3,R1Z3,R1Z6
1247,2004,R2Z4,R1Z4,R1Z5
1248,2004,R3W1,R2W1,R2W4
1249,2004,R3W2,R2W2,R2W3
1250,2004,R3X1,R2X1,R2X4
1251,2004,R3X2,R2X2,R2X3
1252,2004,R3Y1,R2Y1,R2Y4
1253,2004,R3Y2,R2Y2,R2Y3
1254,2004,R3Z1,R2Z1,R2Z4
1255,2004,R3Z2,R2Z2,R2Z3
1256,2004,R4W1,R3W1,R3W2
1257,2004,R4X1,R3X1,R3X2
1258,2004,R4Y1,R3Y1,R3Y2
1259,2004,R4Z1,R3Z1,R3Z2
1260,2004,R5WX,R4W1,R4X1
1261,2004,R5YZ,R4Y1,R4Z1
1262,2004,R6CH,R5WX,R5YZ
1263,2004,Z16,Z16a,Z16b
1264,2005,R1W1,W01,W16
1265,2005,R1W2,W02,W15
1266,2005,R1W3,W03,W14
1267,2005,R1W4,W04,W13
1268,2005,R1W5,W05,W12
1269,2005,R1W6,W06,W11
1270,2005,R1W7,W07,W10
1271,2005,R1W8,W08,W09
1272,2005,R1X1,X01,X16
1273,2005,R1X2,X02,X15
1274,2005,R1X3,X03,X14
1275,2005,R1X4,X04,X13
1276,2005,R1X5,X05,X12
1277,2005,R1X6,X06,X11
1278,2005,R1X7,X07,X10
1279,2005,R1X8,X08,X09
1280,2005,R1Y1,Y01,Y16
1281,2005,R1Y2,Y02,Y15
1282,2005,R1Y3,Y03,Y14
1283,2005,R1Y4,Y04,Y13
1284,2005,R1Y5,Y05,Y12
1285,2005,R1Y6,Y06,Y11
1286,2005,R1Y7,Y07,Y10
1287,2005,R1Y8,Y08,Y09
1288,2005,R1Z1,Z01,Z16
1289,2005,R1Z2,Z02,Z15
1290,2005,R1Z3,Z03,Z14
1291,2005,R1Z4,Z04,Z13
1292,2005,R1Z5,Z05,Z12
1293,2005,R1Z6,Z06,Z11
1294,2005,R1Z7,Z07,Z10
1295,2005,R1Z8,Z08,Z09
1296,2005,R2W1,R1W1,R1W8
1297,2005,R2W2,R1W2,R1W7
1298,2005,R2W3,R1W3,R1W6
1299,2005,R2W4,R1W4,R1W5
1300,2005,R2X1,R1X1,R1X8
1301,2005,R2X2,R1X2,R1X7
1302,2005,R2X3,R1X3,R1X6
1303,2005,R2X4,R1X4,R1X5
1304,2005,R2Y1,R1Y1,R1Y8
1305,2005,R2Y2,R1Y2,R1Y7
1306,2005,R2Y3,R1Y3,R1Y6
1307,2005,R2Y4,R1Y4,R1Y5
1308,2005,R2Z1,R1Z1,R1Z8
1309,2005,R2Z2,R1Z2,R1Z7
1310,2005,R2Z3,R1Z3,R1Z6
1311,2005,R2Z4,R1Z4,R1Z5
1312,2005,R3W1,R2W1,R2W4
1313,2005,R3W2,R2W2,R2W3
1314,2005,R3X1,R2X1,R2X4
1315,2005,R3X2,R2X2,R2X3
1316,2005,R3Y1,R2Y1,R2Y4
1317,2005,R3Y2,R2Y2,R2Y3
1318,2005,R3Z1,R2Z1,R2Z4
1319,2005,R3Z2,R2Z2,R2Z3
1320,2005,R4W1,R3W1,R3W2
1321,2005,R4X1,R3X1,R3X2
1322,2005,R4Y1,R3Y1,R3Y2
1323,2005,R4Z1,R3Z1,R3Z2
1324,2005,R5WX,R4W1,R4X1
1325,2005,R5YZ,R4Y1,R4Z1
1326,2005,R6CH,R5WX,R5YZ
1327,2005,Z16,Z16a,Z16b
1328,2006,R1W1,W01,W16
1329,2006,R1W2,W02,W15
1330,2006,R1W3,W03,W14
1331,2006,R1W4,W04,W13
1332,2006,R1W5,W05,W12
1333,2006,R1W6,W06,W11
1334,2006,R1W7,W07,W10
1335,2006,R1W8,W08,W09
1336,2006,R1X1,X01,X16
1337,2006,R1X2,X02,X15
1338,2006,R1X3,X03,X14
1339,2006,R1X4,X04,X13
1340,2006,R1X5,X05,X12
1341,2006,R1X6,X06,X11
1342,2006,R1X7,X07,X10
1343,2006,R1X8,X08,X09
1344,2006,R1Y1,Y01,Y16
1345,2006,R1Y2,Y02,Y15
1346,2006,R1Y3,Y03,Y14
1347,2006,R1Y4,Y04,Y13
1348,2006,R1Y5,Y05,Y12
1349,2006,R1Y6,Y06,Y11
1350,2006,R1Y7,Y07,Y10
1351,2006,R1Y8,Y08,Y09
1352,2006,R1Z1,Z01,Z16
1353,2006,R1Z2,Z02,Z15
1354,2006,R1Z3,Z03,Z14
1355,2006,R1Z4,Z04,Z13
1356,2006,R1Z5,Z05,Z12
1357,2006,R1Z6,Z06,Z11
1358,2006,R1Z7,Z07,Z10
1359,2006,R1Z8,Z08,Z09
1360,2006,R2W1,R1W1,R1W8
1361,2006,R2W2,R1W2,R1W7
1362,2006,R2W3,R1W3,R1W6
1363,2006,R2W4,R1W4,R1W5
1364,2006,R2X1,R1X1,R1X8
1365,2006,R2X2,R1X2,R1X7
1366,2006,R2X3,R1X3,R1X6
1367,2006,R2X4,R1X4,R1X5
1368,2006,R2Y1,R1Y1,R1Y8
1369,2006,R2Y2,R1Y2,R1Y7
1370,2006,R2Y3,R1Y3,R1Y6
1371,2006,R2Y4,R1Y4,R1Y5
1372,2006,R2Z1,R1Z1,R1Z8
1373,2006,R2Z2,R1Z2,R1Z7
1374,2006,R2Z3,R1Z3,R1Z6
1375,2006,R2Z4,R1Z4,R1Z5
1376,2006,R3W1,R2W1,R2W4
1377,2006,R3W2,R2W2,R2W3
1378,2006,R3X1,R2X1,R2X4
1379,2006,R3X2,R2X2,R2X3
1380,2006,R3Y1,R2Y1,R2Y4
1381,2006,R3Y2,R2Y2,R2Y3
1382,2006,R3Z1,R2Z1,R2Z4
1383,2006,R3Z2,R2Z2,R2Z3
1384,2006,R4W1,R3W1,R3W2
1385,2006,R4X1,R3X1,R3X2
1386,2006,R4Y1,R3Y1,R3Y2
1387,2006,R4Z1,R3Z1,R3Z2
1388,2006,R5WX,R4W1,R4X1
1389,2006,R5YZ,R4Y1,R4Z1
1390,2006,R6CH,R5WX,R5YZ
1391,2006,Y16,Y16a,Y16b
1392,2007,R1W1,W01,W16
1393,2007,R1W2,W02,W15
1394,2007,R1W3,W03,W14
1395,2007,R1W4,W04,W13
1396,2007,R1W5,W05,W12
1397,2007,R1W6,W06,W11
1398,2007,R1W7,W07,W10
1399,2007,R1W8,W08,W09
1400,2007,R1X1,X01,X16
1401,2007,R1X2,X02,X15
1402,2007,R1X3,X03,X14
1403,2007,R1X4,X04,X13
1404,2007,R1X5,X05,X12
1405,2007,R1X6,X06,X11
1406,2007,R1X7,X07,X10
1407,2007,R1X8,X08,X09
1408,2007,R1Y1,Y01,Y16
1409,2007,R1Y2,Y02,Y15
1410,2007,R1Y3,Y03,Y14
1411,2007,R1Y4,Y04,Y13
1412,2007,R1Y5,Y05,Y12
1413,2007,R1Y6,Y06,Y11
1414,2007,R1Y7,Y07,Y10
1415,2007,R1Y8,Y08,Y09
1416,2007,R1Z1,Z01,Z16
1417,2007,R1Z2,Z02,Z15
1418,2007,R1Z3,Z03,Z14
1419,2007,R1Z4,Z04,Z13
1420,2007,R1Z5,Z05,Z12
1421,2007,R1Z6,Z06,Z11
1422,2007,R1Z7,Z07,Z10
1423,2007,R1Z8,Z08,Z09
1424,2007,R2W1,R1W1,R1W8
1425,2007,R2W2,R1W2,R1W7
1426,2007,R2W3,R1W3,R1W6
1427,2007,R2W4,R1W4,R1W5
1428,2007,R2X1,R1X1,R1X8
1429,2007,R2X2,R1X2,R1X7
1430,2007,R2X3,R1X3,R1X6
1431,2007,R2X4,R1X4,R1X5
1432,2007,R2Y1,R1Y1,R1Y8
1433,2007,R2Y2,R1Y2,R1Y7
1434,2007,R2Y3,R1Y3,R1Y6
1435,2007,R2Y4,R1Y4,R1Y5
1436,2007,R2Z1,R1Z1,R1Z8
1437,2007,R2Z2,R1Z2,R1Z7
1438,2007,R2Z3,R1Z3,R1Z6
1439,2007,R2Z4,R1Z4,R1Z5
1440,2007,R3W1,R2W1,R2W4
1441,2007,R3W2,R2W2,R2W3
1442,2007,R3X1,R2X1,R2X4
1443,2007,R3X2,R2X2,R2X3
1444,2007,R3Y1,R2Y1,R2Y4
1445,2007,R3Y2,R2Y2,R2Y3
1446,2007,R3Z1,R2Z1,R2Z4
1447,2007,R3Z2,R2Z2,R2Z3
1448,2007,R4W1,R3W1,R3W2
1449,2007,R4X1,R3X1,R3X2
1450,2007,R4Y1,R3Y1,R3Y2
1451,2007,R4Z1,R3Z1,R3Z2
1452,2007,R5WX,R4W1,R4X1
1453,2007,R5YZ,R4Y1,R4Z1
1454,2007,R6CH,R5WX,R5YZ
1455,2007,Z16,Z16a,Z16b
1456,2008,R1W1,W01,W16
1457,2008,R1W2,W02,W15
1458,2008,R1W3,W03,W14
1459,2008,R1W4,W04,W13
1460,2008,R1W5,W05,W12
1461,2008,R1W6,W06,W11
1462,2008,R1W7,W07,W10
1463,2008,R1W8,W08,W09
1464,2008,R1X1,X01,X16
1465,2008,R1X2,X02,X15
1466,2008,R1X3,X03,X14
1467,2008,R1X4,X04,X13
1468,2008,R1X5,X05,X12
1469,2008,R1X6,X06,X11
1470,2008,R1X7,X07,X10
1471,2008,R1X8,X08,X09
1472,2008,R1Y1,Y01,Y16
1473,2008,R1Y2,Y02,Y15
1474,2008,R1Y3,Y03,Y14
1475,2008,R1Y4,Y04,Y13
1476,2008,R1Y5,Y05,Y12
1477,2008,R1Y6,Y06,Y11
1478,2008,R1Y7,Y07,Y10
1479,2008,R1Y8,Y08,Y09
1480,2008,R1Z1,Z01,Z16
1481,2008,R1Z2,Z02,Z15
1482,2008,R1Z3,Z03,Z14
1483,2008,R1Z4,Z04,Z13
1484,2008,R1Z5,Z05,Z12
1485,2008,R1Z6,Z06,Z11
1486,2008,R1Z7,Z07,Z10
1487,2008,R1Z8,Z08,Z09
1488,2008,R2W1,R1W1,R1W8
1489,2008,R2W2,R1W2,R1W7
1490,2008,R2W3,R1W3,R1W6
1491,2008,R2W4,R1W4,R1W5
1492,2008,R2X1,R1X1,R1X8
1493,2008,R2X2,R1X2,R1X7
1494,2008,R2X3,R1X3,R1X6
1495,2008,R2X4,R1X4,R1X5
1496,2008,R2Y1,R1Y1,R1Y8
1497,2008,R2Y2,R1Y2,R1Y7
1498,2008,R2Y3,R1Y3,R1Y6
1499,2008,R2Y4,R1Y4,R1Y5
1500,2008,R2Z1,R1Z1,R1Z8
1501,2008,R2Z2,R1Z2,R1Z7
1502,2008,R2Z3,R1Z3,R1Z6
1503,2008,R2Z4,R1Z4,R1Z5
1504,2008,R3W1,R2W1,R2W4
1505,2008,R3W2,R2W2,R2W3
1506,2008,R3X1,R2X1,R2X4
1507,2008,R3X2,R2X2,R2X3
1508,2008,R3Y1,R2Y1,R2Y4
1509,2008,R3Y2,R2Y2,R2Y3
1510,2008,R3Z1,R2Z1,R2Z4
1511,2008,R3Z2,R2Z2,R2Z3
1512,2008,R4W1,R3W1,R3W2
1513,2008,R4X1,R3X1,R3X2
1514,2008,R4Y1,R3Y1,R3Y2
1515,2008,R4Z1,R3Z1,R3Z2
1516,2008,R5WX,R4W1,R4X1
1517,2008,R5YZ,R4Y1,R4Z1
1518,2008,R6CH,R5WX,R5YZ
1519,2008,W16,W16a,W16b
1520,2009,R1W1,W01,W16
1521,2009,R1W2,W02,W15
1522,2009,R1W3,W03,W14
1523,2009,R1W4,W04,W13
1524,2009,R1W5,W05,W12
1525,2009,R1W6,W06,W11
1526,2009,R1W7,W07,W10
1527,2009,R1W8,W08,W09
1528,2009,R1X1,X01,X16
1529,2009,R1X2,X02,X15
1530,2009,R1X3,X03,X14
1531,2009,R1X4,X04,X13
1532,2009,R1X5,X05,X12
1533,2009,R1X6,X06,X11
1534,2009,R1X7,X07,X10
1535,2009,R1X8,X08,X09
1536,2009,R1Y1,Y01,Y16
1537,2009,R1Y2,Y02,Y15
1538,2009,R1Y3,Y03,Y14
1539,2009,R1Y4,Y04,Y13
1540,2009,R1Y5,Y05,Y12
1541,2009,R1Y6,Y06,Y11
1542,2009,R1Y7,Y07,Y10
1543,2009,R1Y8,Y08,Y09
1544,2009,R1Z1,Z01,Z16
1545,2009,R1Z2,Z02,Z15
1546,2009,R1Z3,Z03,Z14
1547,2009,R1Z4,Z04,Z13
1548,2009,R1Z5,Z05,Z12
1549,2009,R1Z6,Z06,Z11
1550,2009,R1Z7,Z07,Z10
1551,2009,R1Z8,Z08,Z09
1552,2009,R2W1,R1W1,R1W8
1553,2009,R2W2,R1W2,R1W7
1554,2009,R2W3,R1W3,R1W6
1555,2009,R2W4,R1W4,R1W5
1556,2009,R2X1,R1X1,R1X8
1557,2009,R2X2,R1X2,R1X7
1558,2009,R2X3,R1X3,R1X6
1559,2009,R2X4,R1X4,R1X5
1560,2009,R2Y1,R1Y1,R1Y8
1561,2009,R2Y2,R1Y2,R1Y7
1562,2009,R2Y3,R1Y3,R1Y6
1563,2009,R2Y4,R1Y4,R1Y5
1564,2009,R2Z1,R1Z1,R1Z8
1565,2009,R2Z2,R1Z2,R1Z7
1566,2009,R2Z3,R1Z3,R1Z6
1567,2009,R2Z4,R1Z4,R1Z5
1568,2009,R3W1,R2W1,R2W4
1569,2009,R3W2,R2W2,R2W3
1570,2009,R3X1,R2X1,R2X4
1571,2009,R3X2,R2X2,R2X3
1572,2009,R3Y1,R2Y1,R2Y4
1573,2009,R3Y2,R2Y2,R2Y3
1574,2009,R3Z1,R2Z1,R2Z4
1575,2009,R3Z2,R2Z2,R2Z3
1576,2009,R4W1,R3W1,R3W2
1577,2009,R4X1,R3X1,R3X2
1578,2009,R4Y1,R3Y1,R3Y2
1579,2009,R4Z1,R3Z1,R3Z2
1580,2009,R5WX,R4W1,R4X1
1581,2009,R5YZ,R4Y1,R4Z1
1582,2009,R6CH,R5WX,R5YZ
1583,2009,Y16,Y16a,Y16b
1584,2010,R1W1,W01,W16
1585,2010,R1W2,W02,W15
1586,2010,R1W3,W03,W14
1587,2010,R1W4,W04,W13
1588,2010,R1W5,W05,W12
1589,2010,R1W6,W06,W11
1590,2010,R1W7,W07,W10
1591,2010,R1W8,W08,W09
1592,2010,R1X1,X01,X16
1593,2010,R1X2,X02,X15
1594,2010,R1X3,X03,X14
1595,2010,R1X4,X04,X13
1596,2010,R1X5,X05,X12
1597,2010,R1X6,X06,X11
1598,2010,R1X7,X07,X10
1599,2010,R1X8,X08,X09
1600,2010,R1Y1,Y01,Y16
1601,2010,R1Y2,Y02,Y15
1602,2010,R1Y3,Y03,Y14
1603,2010,R1Y4,Y04,Y13
1604,2010,R1Y5,Y05,Y12
1605,2010,R1Y6,Y06,Y11
1606,2010,R1Y7,Y07,Y10
1607,2010,R1Y8,Y08,Y09
1608,2010,R1Z1,Z01,Z16
1609,2010,R1Z2,Z02,Z15
1610,2010,R1Z3,Z03,Z14
1611,2010,R1Z4,Z04,Z13
1612,2010,R1Z5,Z05,Z12
1613,2010,R1Z6,Z06,Z11
1614,2010,R1Z7,Z07,Z10
1615,2010,R1Z8,Z08,Z09
1616,2010,R2W1,R1W1,R1W8
1617,2010,R2W2,R1W2,R1W7
1618,2010,R2W3,R1W3,R1W6
1619,2010,R2W4,R1W4,R1W5
1620,2010,R2X1,R1X1,R1X8
1621,2010,R2X2,R1X2,R1X7
1622,2010,R2X3,R1X3,R1X6
1623,2010,R2X4,R1X4,R1X5
1624,2010,R2Y1,R1Y1,R1Y8
1625,2010,R2Y2,R1Y2,R1Y7
1626,2010,R2Y3,R1Y3,R1Y6
1627,2010,R2Y4,R1Y4,R1Y5
1628,2010,R2Z1,R1Z1,R1Z8
1629,2010,R2Z2,R1Z2,R1Z7
1630,2010,R2Z3,R1Z3,R1Z6
1631,2010,R2Z4,R1Z4,R1Z5
1632,2010,R3W1,R2W1,R2W4
1633,2010,R3W2,R2W2,R2W3
1634,2010,R3X1,R2X1,R2X4
1635,2010,R3X2,R2X2,R2X3
1636,2010,R3Y1,R2Y1,R2Y4
1637,2010,R3Y2,R2Y2,R2Y3
1638,2010,R3Z1,R2Z1,R2Z4
1639,2010,R3Z2,R2Z2,R2Z3
1640,2010,R4W1,R3W1,R3W2
1641,2010,R4X1,R3X1,R3X2
1642,2010,R4Y1,R3Y1,R3Y2
1643,2010,R4Z1,R3Z1,R3Z2
1644,2010,R5WX,R4W1,R4X1
1645,2010,R5YZ,R4Y1,R4Z1
1646,2010,R6CH,R5WX,R5YZ
1647,2010,X16,X16a,X16b
1648,2011,R1W1,W01,W16
1649,2011,R1W2,W02,W15
1650,2011,R1W3,W03,W14
1651,2011,R1W4,W04,W13
1652,2011,R1W5,W05,W12
1653,2011,R1W6,W06,W11
1654,2011,R1W7,W07,W10
1655,2011,R1W8,W08,W09
1656,2011,R1X1,X01,X16
1657,2011,R1X2,X02,X15
1658,2011,R1X3,X03,X14
1659,2011,R1X4,X04,X13
1660,2011,R1X5,X05,X12
1661,2011,R1X6,X06,X11
1662,2011,R1X7,X07,X10
1663,2011,R1X8,X08,X09
1664,2011,R1Y1,Y01,Y16
1665,2011,R1Y2,Y02,Y15
1666,2011,R1Y3,Y03,Y14
1667,2011,R1Y4,Y04,Y13
1668,2011,R1Y5,Y05,Y12
1669,2011,R1Y6,Y06,Y11
1670,2011,R1Y7,Y07,Y10
1671,2011,R1Y8,Y08,Y09
1672,2011,R1Z1,Z01,Z16
1673,2011,R1Z2,Z02,Z15
1674,2011,R1Z3,Z03,Z14
1675,2011,R1Z4,Z04,Z13
1676,2011,R1Z5,Z05,Z12
1677,2011,R1Z6,Z06,Z11
1678,2011,R1Z7,Z07,Z10
1679,2011,R1Z8,Z08,Z09
1680,2011,R2W1,R1W1,R1W8
1681,2011,R2W2,R1W2,R1W7
1682,2011,R2W3,R1W3,R1W6
1683,2011,R2W4,R1W4,R1W5
1684,2011,R2X1,R1X1,R1X8
1685,2011,R2X2,R1X2,R1X7
1686,2011,R2X3,R1X3,R1X6
1687,2011,R2X4,R1X4,R1X5
1688,2011,R2Y1,R1Y1,R1Y8
1689,2011,R2Y2,R1Y2,R1Y7
1690,2011,R2Y3,R1Y3,R1Y6
1691,2011,R2Y4,R1Y4,R1Y5
1692,2011,R2Z1,R1Z1,R1Z8
1693,2011,R2Z2,R1Z2,R1Z7
1694,2011,R2Z3,R1Z3,R1Z6
1695,2011,R2Z4,R1Z4,R1Z5
1696,2011,R3W1,R2W1,R2W4
1697,2011,R3W2,R2W2,R2W3
1698,2011,R3X1,R2X1,R2X4
1699,2011,R3X2,R2X2,R2X3
1700,2011,R3Y1,R2Y1,R2Y4
1701,2011,R3Y2,R2Y2,R2Y3
1702,2011,R3Z1,R2Z1,R2Z4
1703,2011,R3Z2,R2Z2,R2Z3
1704,2011,R4W1,R3W1,R3W2
1705,2011,R4X1,R3X1,R3X2
1706,2011,R4Y1,R3Y1,R3Y2
1707,2011,R4Z1,R3Z1,R3Z2
1708,2011,R5WX,R4W1,R4X1
1709,2011,R5YZ,R4Y1,R4Z1
1710,2011,R6CH,R5WX,R5YZ
1711,2011,W12,W12a,W12b
1712,2011,W16,W16a,W16b
1713,2011,Y16,Y16a,Y16b
1714,2011,Z11,Z11a,Z11b
1715,2012,R1W1,W01,W16
1716,2012,R1W2,W02,W15
1717,2012,R1W3,W03,W14
1718,2012,R1W4,W04,W13
1719,2012,R1W5,W05,W12
1720,2012,R1W6,W06,W11
1721,2012,R1W7,W07,W10
1722,2012,R1W8,W08,W09
1723,2012,R1X1,X01,X16
1724,2012,R1X2,X02,X15
1725,2012,R1X3,X03,X14
1726,2012,R1X4,X04,X13
1727,2012,R1X5,X05,X12
1728,2012,R1X6,X06,X11
1729,2012,R1X7,X07,X10
1730,2012,R1X8,X08,X09
1731,2012,R1Y1,Y01,Y16
1732,2012,R1Y2,Y02,Y15
1733,2012,R1Y3,Y03,Y14
1734,2012,R1Y4,Y04,Y13
1735,2012,R1Y5,Y05,Y12
1736,2012,R1Y6,Y06,Y11
1737,2012,R1Y7,Y07,Y10
1738,2012,R1Y8,Y08,Y09
1739,2012,R1Z1,Z01,Z16
1740,2012,R1Z2,Z02,Z15
1741,2012,R1Z3,Z03,Z14
1742,2012,R1Z4,Z04,Z13
1743,2012,R1Z5,Z05,Z12
1744,2012,R1Z6,Z06,Z11
1745,2012,R1Z7,Z07,Z10
1746,2012,R1Z8,Z08,Z09
1747,2012,R2W1,R1W1,R1W8
1748,2012,R2W2,R1W2,R1W7
1749,2012,R2W3,R1W3,R1W6
1750,2012,R2W4,R1W4,R1W5
1751,2012,R2X1,R1X1,R1X8
1752,2012,R2X2,R1X2,R1X7
1753,2012,R2X3,R1X3,R1X6
1754,2012,R2X4,R1X4,R1X5
1755,2012,R2Y1,R1Y1,R1Y8
1756,2012,R2Y2,R1Y2,R1Y7
1757,2012,R2Y3,R1Y3,R1Y6
1758,2012,R2Y4,R1Y4,R1Y5
1759,2012,R2Z1,R1Z1,R1Z8
1760,2012,R2Z2,R1Z2,R1Z7
1761,2012,R2Z3,R1Z3,R1Z6
1762,2012,R2Z4,R1Z4,R1Z5
1763,2012,R3W1,R2W1,R2W4
1764,2012,R3W2,R2W2,R2W3
1765,2012,R3X1,R2X1,R2X4
1766,2012,R3X2,R2X2,R2X3
1767,2012,R3Y1,R2Y1,R2Y4
1768,2012,R3Y2,R2Y2,R2Y3
1769,2012,R3Z1,R2Z1,R2Z4
1770,2012,R3Z2,R2Z2,R2Z3
1771,2012,R4W1,R3W1,R3W2
1772,2012,R4X1,R3X1,R3X2
1773,2012,R4Y1,R3Y1,R3Y2
1774,2012,R4Z1,R3Z1,R3Z2
1775,2012,R5WX,R4W1,R4X1
1776,2012,R5YZ,R4Y1,R4Z1
1777,2012,R6CH,R5WX,R5YZ
1778,2012,X12,X12a,X12b
1779,2012,X16,X16a,X16b
1780,2012,Y16,Y16a,Y16b
1781,2012,Z14,Z14a,Z14b
1782,2013,R1W1,W01,W16
1783,2013,R1W2,W02,W15
1784,2013,R1W3,W03,W14
1785,2013,R1W4,W04,W13
1786,2013,R1W5,W05,W12
1787,2013,R1W6,W06,W11
1788,2013,R1W7,W07,W10
1789,2013,R1W8,W08,W09
1790,2013,R1X1,X01,X16
1791,2013,R1X2,X02,X15
1792,2013,R1X3,X03,X14
1793,2013,R1X4,X04,X13
1794,2013,R1X5,X05,X12
1795,2013,R1X6,X06,X11
1796,2013,R1X7,X07,X10
1797,2013,R1X8,X08,X09
1798,2013,R1Y1,Y01,Y16
1799,2013,R1Y2,Y02,Y15
1800,2013,R1Y3,Y03,Y14
1801,2013,R1Y4,Y04,Y13
1802,2013,R1Y5,Y05,Y12
1803,2013,R1Y6,Y06,Y11
1804,2013,R1Y7,Y07,Y10
1805,2013,R1Y8,Y08,Y09
1806,2013,R1Z1,Z01,Z16
1807,2013,R1Z2,Z02,Z15
1808,2013,R1Z3,Z03,Z14
1809,2013,R1Z4,Z04,Z13
1810,2013,R1Z5,Z05,Z12
1811,2013,R1Z6,Z06,Z11
1812,2013,R1Z7,Z07,Z10
1813,2013,R1Z8,Z08,Z09
1814,2013,R2W1,R1W1,R1W8
1815,2013,R2W2,R1W2,R1W7
1816,2013,R2W3,R1W3,R1W6
1817,2013,R2W4,R1W4,R1W5
1818,2013,R2X1,R1X1,R1X8
1819,2013,R2X2,R1X2,R1X7
1820,2013,R2X3,R1X3,R1X6
1821,2013,R2X4,R1X4,R1X5
1822,2013,R2Y1,R1Y1,R1Y8
1823,2013,R2Y2,R1Y2,R1Y7
1824,2013,R2Y3,R1Y3,R1Y6
1825,2013,R2Y4,R1Y4,R1Y5
1826,2013,R2Z1,R1Z1,R1Z8
1827,2013,R2Z2,R1Z2,R1Z7
1828,2013,R2Z3,R1Z3,R1Z6
1829,2013,R2Z4,R1Z4,R1Z5
1830,2013,R3W1,R2W1,R2W4
1831,2013,R3W2,R2W2,R2W3
1832,2013,R3X1,R2X1,R2X4
1833,2013,R3X2,R2X2,R2X3
1834,2013,R3Y1,R2Y1,R2Y4
1835,2013,R3Y2,R2Y2,R2Y3
1836,2013,R3Z1,R2Z1,R2Z4
1837,2013,R3Z2,R2Z2,R2Z3
1838,2013,R4W1,R3W1,R3W2
1839,2013,R4X1,R3X1,R3X2
1840,2013,R4Y1,R3Y1,R3Y2
1841,2013,R4Z1,R3Z1,R3Z2
1842,2013,R5WX,R4W1,R4X1
1843,2013,R5YZ,R4Y1,R4Z1
1844,2013,R6CH,R5WX,R5YZ
1845,2013,W16,W16a,W16b
1846,2013,Y11,Y11a,Y11b
1847,2013,Y16,Y16a,Y16b
1848,2013,Z13,Z13a,Z13b
1849,2014,R1W1,W01,W16
1850,2014,R1W2,W02,W15
1851,2014,R1W3,W03,W14
1852,2014,R1W4,W04,W13
1853,2014,R1W5,W05,W12
1854,2014,R1W6,W06,W11
1855,2014,R1W7,W07,W10
1856,2014,R1W8,W08,W09
1857,2014,R1X1,X01,X16
1858,2014,R1X2,X02,X15
1859,2014,R1X3,X03,X14
1860,2014,R1X4,X04,X13
1861,2014,R1X5,X05,X12
1862,2014,R1X6,X06,X11
1863,2014,R1X7,X07,X10
1864,2014,R1X8,X08,X09
1865,2014,R1Y1,Y01,Y16
1866,2014,R1Y2,Y02,Y15
1867,2014,R1Y3,Y03,Y14
1868,2014,R1Y4,Y04,Y13
1869,2014,R1Y5,Y05,Y12
1870,2014,R1Y6,Y06,Y11
1871,2014,R1Y7,Y07,Y10
1872,2014,R1Y8,Y08,Y09
1873,2014,R1Z1,Z01,Z16
1874,2014,R1Z2,Z02,Z15
1875,2014,R1Z3,Z03,Z14
1876,2014,R1Z4,Z04,Z13
1877,2014,R1Z5,Z05,Z12
1878,2014,R1Z6,Z06,Z11
1879,2014,R1Z7,Z07,Z10
1880,2014,R1Z8,Z08,Z09
1881,2014,R2W1,R1W1,R1W8
1882,2014,R2W2,R1W2,R1W7
1883,2014,R2W3,R1W3,R1W6
1884,2014,R2W4,R1W4,R1W5
1885,2014,R2X1,R1X1,R1X8
1886,2014,R2X2,R1X2,R1X7
1887,2014,R2X3,R1X3,R1X6
1888,2014,R2X4,R1X4,R1X5
1889,2014,R2Y1,R1Y1,R1Y8
1890,2014,R2Y2,R1Y2,R1Y7
1891,2014,R2Y3,R1Y3,R1Y6
1892,2014,R2Y4,R1Y4,R1Y5
1893,2014,R2Z1,R1Z1,R1Z8
1894,2014,R2Z2,R1Z2,R1Z7
1895,2014,R2Z3,R1Z3,R1Z6
1896,2014,R2Z4,R1Z4,R1Z5
1897,2014,R3W1,R2W1,R2W4
1898,2014,R3W2,R2W2,R2W3
1899,2014,R3X1,R2X1,R2X4
1900,2014,R3X2,R2X2,R2X3
1901,2014,R3Y1,R2Y1,R2Y4
1902,2014,R3Y2,R2Y2,R2Y3
1903,2014,R3Z1,R2Z1,R2Z4
1904,2014,R3Z2,R2Z2,R2Z3
1905,2014,R4W1,R3W1,R3W2
1906,2014,R4X1,R3X1,R3X2
1907,2014,R4Y1,R3Y1,R3Y2
1908,2014,R4Z1,R3Z1,R3Z2
1909,2014,R5WX,R4W1,R4X1
1910,2014,R5YZ,R4Y1,R4Z1
1911,2014,R6CH,R5WX,R5YZ
1912,2014,X16,X16a,X16b
1913,2014,Y11,Y11a,Y11b
1914,2014,Y12,Y12a,Y12b
1915,2014,Y16,Y16a,Y16b
1916,2015,W11,W11a,W11b
1917,2015,X16,X16a,X16b
1918,2015,Y16,Y16a,Y16b
1919,2015,Z11,Z11a,Z11b
1920,2015,R1W1,W01,W16
1921,2015,R1W2,W02,W15
1922,2015,R1W3,W03,W14
1923,2015,R1W4,W04,W13
1924,2015,R1W5,W05,W12
1925,2015,R1W6,W06,W11
1926,2015,R1W7,W07,W10
1927,2015,R1W8,W08,W09
1928,2015,R1X1,X01,X16
1929,2015,R1X2,X02,X15
1930,2015,R1X3,X03,X14
1931,2015,R1X4,X04,X13
1932,2015,R1X5,X05,X12
1933,2015,R1X6,X06,X11
1934,2015,R1X7,X07,X10
1935,2015,R1X8,X08,X09
1936,2015,R1Y1,Y01,Y16
1937,2015,R1Y2,Y02,Y15
1938,2015,R1Y3,Y03,Y14
1939,2015,R1Y4,Y04,Y13
1940,2015,R1Y5,Y05,Y12
1941,2015,R1Y6,Y06,Y11
1942,2015,R1Y7,Y07,Y10
1943,2015,R1Y8,Y08,Y09
1944,2015,R1Z1,Z01,Z16
1945,2015,R1Z2,Z02,Z15
1946,2015,R1Z3,Z03,Z14
1947,2015,R1Z4,Z04,Z13
1948,2015,R1Z5,Z05,Z12
1949,2015,R1Z6,Z06,Z11
1950,2015,R1Z7,Z07,Z10
1951,2015,R1Z8,Z08,Z09
1952,2015,R2W1,R1W1,R1W8
1953,2015,R2W2,R1W2,R1W7
1954,2015,R2W3,R1W3,R1W6
1955,2015,R2W4,R1W4,R1W5
1956,2015,R2X1,R1X1,R1X8
1957,2015,R2X2,R1X2,R1X7
1958,2015,R2X3,R1X3,R1X6
1959,2015,R2X4,R1X4,R1X5
1960,2015,R2Y1,R1Y1,R1Y8
1961,2015,R2Y2,R1Y2,R1Y7
1962,2015,R2Y3,R1Y3,R1Y6
1963,2015,R2Y4,R1Y4,R1Y5
1964,2015,R2Z1,R1Z1,R1Z8
1965,2015,R2Z2,R1Z2,R1Z7
1966,2015,R2Z3,R1Z3,R1Z6
1967,2015,R2Z4,R1Z4,R1Z5
1968,2015,R3W1,R2W1,R2W4
1969,2015,R3W2,R2W2,R2W3
1970,2015,R3X1,R2X1,R2X4
1971,2015,R3X2,R2X2,R2X3
1972,2015,R3Y1,R2Y1,R2Y4
1973,2015,R3Y2,R2Y2,R2Y3
1974,2015,R3Z1,R2Z1,R2Z4
1975,2015,R3Z2,R2Z2,R2Z3
1976,2015,R4W1,R3W1,R3W2
1977,2015,R4X1,R3X1,R3X2
1978,2015,R4Y1,R3Y1,R3Y2
1979,2015,R4Z1,R3Z1,R3Z2
1980,2015,R5WX,R4W1,R4X1
1981,2015,R5YZ,R4Y1,R4Z1
1982,2015,R6CH,R5WX,R5YZ
1983,2016,W11,W11a,W11b
1984,2016,W16,W16a,W16b
1985,2016,Y11,Y11a,Y11b
1986,2016,Z16,Z16a,Z16b
1987,2016,R1W1,W01,W16
1988,2016,R1W2,W02,W15
1989,2016,R1W3,W03,W14
1990,2016,R1W4,W04,W13
1991,2016,R1W5,W05,W12
1992,2016,R1W6,W06,W11
1993,2016,R1W7,W07,W10
1994,2016,R1W8,W08,W09
1995,2016,R1X1,X01,X16
1996,2016,R1X2,X02,X15
1997,2016,R1X3,X03,X14
1998,2016,R1X4,X04,X13
1999,2016,R1X5,X05,X12
2000,2016,R1X6,X06,X11
2001,2016,R1X7,X07,X10
2002,2016,R1X8,X08,X09
2003,2016,R1Y1,Y01,Y16
2004,2016,R1Y2,Y02,Y15
2005,2016,R1Y3,Y03,Y14
2006,2016,R1Y4,Y04,Y13
2007,2016,R1Y5,Y05,Y12
2008,2016,R1Y6,Y06,Y11
2009,2016,R1Y7,Y07,Y10
2010,2016,R1Y8,Y08,Y09
2011,2016,R1Z1,Z01,Z16
2012,2016,R1Z2,Z02,Z15
2013,2016,R1Z3,Z03,Z14
2014,2016,R1Z4,Z04,Z13
2015,2016,R1Z5,Z05,Z12
2016,2016,R1Z6,Z06,Z11
2017,2016,R1Z7,Z07,Z10
2018,2016,R1Z8,Z08,Z09
2019,2016,R2W1,R1W1,R1W8
2020,2016,R2W2,R1W2,R1W7
2021,2016,R2W3,R1W3,R1W6
2022,2016,R2W4,R1W4,R1W5
2023,2016,R2X1,R1X1,R1X8
2024,2016,R2X2,R1X2,R1X7
2025,2016,R2X3,R1X3,R1X6
2026,2016,R2X4,R1X4,R1X5
2027,2016,R2Y1,R1Y1,R1Y8
2028,2016,R2Y2,R1Y2,R1Y7
2029,2016,R2Y3,R1Y3,R1Y6
2030,2016,R2Y4,R1Y4,R1Y5
2031,2016,R2Z1,R1Z1,R1Z8
2032,2016,R2Z2,R1Z2,R1Z7
2033,2016,R2Z3,R1Z3,R1Z6
2034,2016,R2Z4,R1Z4,R1Z5
2035,2016,R3W1,R2W1,R2W4
2036,2016,R3W2,R2W2,R2W3
2037,2016,R3X1,R2X1,R2X4
2038,2016,R3X2,R2X2,R2X3
2039,2016,R3Y1,R2Y1,R2Y4
2040,2016,R3Y2,R2Y2,R2Y3
2041,2016,R3Z1,R2Z1,R2Z4
2042,2016,R3Z2,R2Z2,R2Z3
2043,2016,R4W1,R3W1,R3W2
2044,2016,R4X1,R3X1,R3X2
2045,2016,R4Y1,R3Y1,R3Y2
2046,2016,R4Z1,R3Z1,R3Z2
2047,2016,R5WX,R4W1,R4X1
2048,2016,R5YZ,R4Y1,R4Z1
2049,2016,R6CH,R5WX,R5YZ
2050,2017,W11,W11a,W11b
2051,2017,W16,W16a,W16b
2052,2017,Y16,Y16a,Y16b
2053,2017,Z11,Z11a,Z11b
2054,2017,R1W1,W01,W16
2055,2017,R1W2,W02,W15
2056,2017,R1W3,W03,W14
2057,2017,R1W4,W04,W13
2058,2017,R1W5,W05,W12
2059,2017,R1W6,W06,W11
2060,2017,R1W7,W07,W10
2061,2017,R1W8,W08,W09
2062,2017,R1X1,X01,X16
2063,2017,R1X2,X02,X15
2064,2017,R1X3,X03,X14
2065,2017,R1X4,X04,X13
2066,2017,R1X5,X05,X12
2067,2017,R1X6,X06,X11
2068,2017,R1X7,X07,X10
2069,2017,R1X8,X08,X09
2070,2017,R1Y1,Y01,Y16
2071,2017,R1Y2,Y02,Y15
2072,2017,R1Y3,Y03,Y14
2073,2017,R1Y4,Y04,Y13
2074,2017,R1Y5,Y05,Y12
2075,2017,R1Y6,Y06,Y11
2076,2017,R1Y7,Y07,Y10
2077,2017,R1Y8,Y08,Y09
2078,2017,R1Z1,Z01,Z16
2079,2017,R1Z2,Z02,Z15
2080,2017,R1Z3,Z03,Z14
2081,2017,R1Z4,Z04,Z13
2082,2017,R1Z5,Z05,Z12
2083,2017,R1Z6,Z06,Z11
2084,2017,R1Z7,Z07,Z10
2085,2017,R1Z8,Z08,Z09
2086,2017,R2W1,R1W1,R1W8
2087,2017,R2W2,R1W2,R1W7
2088,2017,R2W3,R1W3,R1W6
2089,2017,R2W4,R1W4,R1W5
2090,2017,R2X1,R1X1,R1X8
2091,2017,R2X2,R1X2,R1X7
2092,2017,R2X3,R1X3,R1X6
2093,2017,R2X4,R1X4,R1X5
2094,2017,R2Y1,R1Y1,R1Y8
2095,2017,R2Y2,R1Y2,R1Y7
2096,2017,R2Y3,R1Y3,R1Y6
2097,2017,R2Y4,R1Y4,R1Y5
2098,2017,R2Z1,R1Z1,R1Z8
2099,2017,R2Z2,R1Z2,R1Z7
2100,2017,R2Z3,R1Z3,R1Z6
2101,2017,R2Z4,R1Z4,R1Z5
2102,2017,R3W1,R2W1,R2W4
2103,2017,R3W2,R2W2,R2W3
2104,2017,R3X1,R2X1,R2X4
2105,2017,R3X2,R2X2,R2X3
2106,2017,R3Y1,R2Y1,R2Y4
2107,2017,R3Y2,R2Y2,R2Y3
2108,2017,R3Z1,R2Z1,R2Z4
2109,2017,R3Z2,R2Z2,R2Z3
2110,2017,R4W1,R3W1,R3W2
2111,2017,R4X1,R3X1,R3X2
2112,2017,R4Y1,R3Y1,R3Y2
2113,2017,R4Z1,R3Z1,R3Z2
2114,2017,R5WX,R4W1,R4X1
2115,2017,R5YZ,R4Y1,R4Z1
2116,2017,R6CH,R5WX,R5YZ
